{
  "buildingId": "Hall-8",
  "floor": "8",
  "rooms": {
    "H8-843":  { "x": 373.69696, "y": 914.06010 },
    "H8-845":  { "x": 287.59183, "y": 921.88782 },
    "H8-847":  { "x": 196.59441, "y": 915.03854 },
    "H8-849":  { "x": 124.18784, "y": 904.27539 },
    "H8-851.03": { "x": 56.67363, "y": 851.43820 },
    "H8-851.02": { "x": 89.94150, "y": 809.36414 },
    "H8-851.01": { "x": 131.03712, "y": 824.04115 },
    "H8-853":  { "x": 126.14478, "y": 736.95764 },
    "H8-855":  { "x": 125.16632, "y": 644.98163 },
    "H8-857":  { "x": 123.20939, "y": 554.96268 },
    "H8-859":  { "x": 123.20939, "y": 463.96529 },
    "H8-861":  { "x": 125.16632, "y": 374.92479 },
    "H8-863":  { "x": 127.12325, "y": 294.69050 },
    "H8-865":  { "x": 108.53238, "y": 221.30546 },
    "H8-867":  { "x": 125.16632, "y": 172.38208 },
    "H8-801":  { "x": 203.44368, "y": 209.56387 },
    "H8-803":  { "x": 295.41959, "y": 203.69303 },
    "H8-805.01": { "x": 353.14911, "y": 137.15729 },
    "H8-805.02": { "x": 374.67541, "y": 175.31750 },
    "H8-807":  { "x": 472.52211, "y": 208.58538 },
    "H8-811":  { "x": 643.83130, "y": 161.44705 },
    "H8-813":  { "x": 725.04407, "y": 157.53319 },
    "H8-805.03": { "x": 375.76791, "y": 220.21151 },
    "H8-815":  { "x": 804.66827, "y": 213.16987 },
    "H8-817":  { "x": 881.48627, "y": 222.77212 },
    "H8-819":  { "x": 882.76654, "y": 309.19236 },
    "H8-821":  { "x": 878.28552, "y": 399.45347 },
    "H8-823":  { "x": 881.48627, "y": 481.39265 },
    "H8-825":  { "x": 881.48627, "y": 569.09315 },
    "H8-827":  { "x": 880.84607, "y": 661.27473 },
    "H8-829":  { "x": 878.92566, "y": 764.33888 },
    "H8-831":  { "x": 907.73236, "y": 868.04310 },
    "H8-833":  { "x": 819.39172, "y": 896.20973 },
    "H8-835":  { "x": 720.16852, "y": 900.05061 },
    "H8-837":  { "x": 624.78619, "y": 898.77028 },
    "H8-841":  { "x": 452.58591, "y": 917.33467 },
    "H8-806.01": { "x": 478.57504, "y": 333.60866 },
    "H8-806.02": { "x": 472.07016, "y": 365.20390 },
    "H8-806.03": { "x": 472.99942, "y": 402.37477 },
    "H8-802-Bathroom": { "x": 324.31592, "y": 308.51829 },
    "H8-Elevator": { "x": 364.27460, "y": 404.23332 },
    "H8-892":  { "x": 423.74802, "y": 411.66749 },
    "H8-898-emergency-exit": { "x": 241.61070, "y": 409.80894 },
    "H8-838":  { "x": 484.15070, "y": 804.74952 },
    "H8-838.01": { "x": 479.50433, "y": 744.34681 },
    "H8-840":  { "x": 427.46509, "y": 496.23121 },
    "H8-862":  { "x": 361.48679, "y": 492.51411 },
    "H8-860.04": { "x": 290.86212, "y": 492.51411 },
    "H8-860.01": { "x": 221.16672, "y": 494.37269 },
    "H8-860.03": { "x": 221.16672, "y": 541.76558 },
    "H8-860.05": { "x": 209.08618, "y": 591.94624 },
    "H8-854":  { "x": 211.87401, "y": 655.13673 },
    "H8-852":  { "x": 210.94473, "y": 705.31740 },
    "H8-881":  { "x": 348.47699, "y": 809.39589 },
    "H8-842":  { "x": 390.29422, "y": 710.89308 },
    "H8-832.01": { "x": 599.38043, "y": 803.82026 },
    "H8-832.03": { "x": 599.38043, "y": 771.29573 },
    "H8-832.05": { "x": 594.73407, "y": 725.76143 },
    "H8-832.06": { "x": 597.52185, "y": 636.55128 },
    "H8-810-bathroom": { "x": 613.31946, "y": 305.73048 },
    "H8-890-emergency-exit": { "x": 695.09540, "y": 307.58903 },
    "H8-875-emergency-exit": { "x": 309.14639, "y": 804.02986 },
    "H8-885-emergency-exit": { "x": 723.93853, "y": 806.21138 },
    "H8-886":  { "x": 788.02258, "y": 410.73820 }
  },
  "waypoints": [
    { "id": "point-allowed-hallway1", "x": 174.08967, "y": 272.18573 },
    { "id": "point-allowed-hallway2", "x": 174.08967, "y": 332.85070 },
    { "id": "point-allowed-hallway3", "x": 180.93895, "y": 414.06348 },
    { "id": "point-allowed-hallway4", "x": 184.85281, "y": 493.31927 },
    { "id": "point-allowed-hallway5", "x": 182.89586, "y": 576.48898 },
    { "id": "point-allowed-hallway6", "x": 183.87432, "y": 667.48636 },
    { "id": "point-allowed-hallway7", "x": 183.87432, "y": 767.29009 },
    { "id": "point-allowed-hallway8", "x": 188.76668, "y": 836.76119 },
    { "id": "point-allowed9", "x": 133.97252, "y": 856.33051 },
    { "id": "point-allowed10", "x": 265.08710, "y": 849.48130 },
    { "id": "point-allowed11", "x": 356.08453, "y": 849.48130 },
    { "id": "point-allowed12", "x": 466.65127, "y": 848.50278 },
    { "id": "point-allowed13", "x": 637.88300, "y": 848.50278 },
    { "id": "point-allowed14", "x": 728.88047, "y": 854.37362 },
    { "id": "point-allowed-hallway15", "x": 834.55487, "y": 856.33051 },
    { "id": "point-allowed-hallway16", "x": 849.23188, "y": 755.54841 },
    { "id": "point-allowed-hallway17", "x": 845.31801, "y": 654.76632 },
    { "id": "point-allowed-hallway18", "x": 845.31801, "y": 557.89810 },
    { "id": "point-allowed-hallway19", "x": 843.36113, "y": 475.70688 },
    { "id": "point-allowed-hallway20", "x": 847.27500, "y": 389.60180 },
    { "id": "point-allowed-hallway21", "x": 846.29646, "y": 306.43209 },
    { "id": "point-allowed22", "x": 809.11480, "y": 263.37951 },
    { "id": "point-allowed23", "x": 743.55748, "y": 256.53028 },
    { "id": "point-allowed24", "x": 648.64614, "y": 260.44413 },
    { "id": "point-allowed25", "x": 478.39291, "y": 259.46570 },
    { "id": "point-allowed26", "x": 385.43855, "y": 262.40108 },
    { "id": "point-allowed27", "x": 300.31192, "y": 259.46570 },
    { "id": "point-allowed28", "x": 203.44366, "y": 268.27186 },
    { "id": "point-allowed29", "x": 141.80026, "y": 238.91785 },
    { "id": "point-allowed-hallway30", "x": 557.64871, "y": 853.39517 },
    { "id": "point-allowed-hallway31", "x": 560.58413, "y": 762.39770 },
    { "id": "point-allowed-hallway32", "x": 558.62719, "y": 626.39083 },
    { "id": "point-allowed-hallway33", "x": 559.60569, "y": 488.42697 },
    { "id": "point-allowed-hallway34", "x": 556.67027, "y": 371.01089 },
    { "id": "point-allowed-hallway35", "x": 557.64871, "y": 268.27186 },
    { "id": "point-allowed36", "x": 485.24220, "y": 448.30980 },
    { "id": "point-allowed37", "x": 412.83563, "y": 442.43901 },
    { "id": "point-allowed38", "x": 315.96739, "y": 445.37443 },
    { "id": "point-allowed39", "x": 225.94843, "y": 450.26673 },
    { "id": "point-allowed40", "x": 186.80974, "y": 451.24518 },
    { "id": "point-allowed41", "x": 555.69177, "y": 439.50359 },
    { "id": "point-allowed42", "x": 492.09144, "y": 524.63022 },
    { "id": "point-allowed43", "x": 489.15606, "y": 601.92913 },
    { "id": "point-allowed44", "x": 497.96224, "y": 682.16337 },
    { "id": "point-allowed45", "x": 562.54111, "y": 695.86193 },
    { "id": "point-allowed46", "x": 418.70643, "y": 854.37362 },
    { "id": "point-allowed47", "x": 408.92173, "y": 776.09626 },
    { "id": "point-allowed48", "x": 845.26515, "y": 267.79014 },
    { "id": "point-allowed49", "x": 549.12006, "y": 324.88297 }
  ],
  "pathfindingConfig": {
    "searchRadius": 150.0,
    "alignThreshold": 20.0,
    "maxNeighbors": 0,
    "strictAlignment": false
  }
}
