{
  "buildingId": "Hall-9",
  "floor": "9",
  "rooms": {
    "H9-967":  { "x": 130.55607, "y": 238.08203 },
    "H9-903":  { "x": 160.60575, "y": 148.84352 },
    "H9-905":  { "x": 339.08265, "y": 183.44624 },
    "H9-907":  { "x": 430.14236, "y": 187.08862 },
    "H9-909":  { "x": 559.44701, "y": 168.87669 },
    "H9-911":  { "x": 645.95374, "y": 173.42965 },
    "H9-913":  { "x": 736.10277, "y": 170.69789 },
    "H9-915":  { "x": 851.74852, "y": 150.66477 },
    "H9-917":  { "x": 881.79820, "y": 179.80386 },
    "H9-919":  { "x": 880.88761, "y": 261.75753 },
    "H9-921":  { "x": 887.26177, "y": 347.35360 },
    "H9-923":  { "x": 886.35118, "y": 431.12848 },
    "H9-925.02": { "x": 939.16575, "y": 495.78085 },
    "H9-925":  { "x": 879.97703, "y": 524.00934 },
    "H9-925.03": { "x": 880.88761, "y": 587.75111 },
    "H9-927.04": { "x": 841.73197, "y": 668.79420 },
    "H9-929":  { "x": 846.28495, "y": 717.05581 },
    "H9-931":  { "x": 831.71538, "y": 872.76785 },
    "H9-933-a": { "x": 781.63255, "y": 862.75131 },
    "H9-961.33-a": { "x": 338.17210, "y": 918.29770 },
    "H9-961.31-a": { "x": 293.55289, "y": 917.38705 },
    "H9-961.29": { "x": 248.93361, "y": 917.38705 },
    "H9-961.27": { "x": 209.77797, "y": 919.20827 },
    "H9-961.25": { "x": 169.71171, "y": 918.29770 },
    "H9-961.23": { "x": 125.09250, "y": 917.38705 },
    "H9-961.21": { "x": 78.65206, "y": 921.02944 },
    "H9-961.19": { "x": 48.60239, "y": 903.72812 },
    "H9-961.17": { "x": 51.33416, "y": 862.75131 },
    "H9-961.15": { "x": 52.24478, "y": 821.77443 },
    "H9-961.13": { "x": 46.78121, "y": 775.33400 },
    "H9-961.11": { "x": 50.42361, "y": 735.26777 },
    "H9-961.09-a": { "x": 51.33416, "y": 693.38034 },
    "H9-961.07": { "x": 48.60239, "y": 643.29750 },
    "H9-961.03": { "x": 50.42361, "y": 595.94648 },
    "H9-961":  { "x": 46.78121, "y": 513.99281 },
    "H9-961.31-b": { "x": 173.35411, "y": 450.25103 },
    "H9-961.33-b": { "x": 132.37730, "y": 333.69468 },
    "H9-920":  { "x": 757.95707, "y": 407.45296 },
    "H9-990":  { "x": 715.15906, "y": 266.31049 },
    "H9-927.03": { "x": 952.98019, "y": 616.82124 },
    "H9-927.01": { "x": 963.98178, "y": 649.33699 },
    "H9-928":  { "x": 786.73428, "y": 819.98356 },
    "H9-962-a": { "x": 744.92833, "y": 822.18386 },
    "H9-933-b": { "x": 791.56863, "y": 870.95322 },
    "H9-933.11": { "x": 689.99064, "y": 856.44205 },
    "H9-933.01": { "x": 681.17013, "y": 890.30143 },
    "H9-933.02": { "x": 646.45718, "y": 918.47012 },
    "H9-941":  { "x": 385.06267, "y": 919.14963 },
    "H9-929.25": { "x": 499.48128, "y": 939.35294 },
    "H9-937":  { "x": 630.50261, "y": 780.72707 },
    "H9-943":  { "x": 369.06006, "y": 873.94229 },
    "H9-961.3": { "x": 268.44369, "y": 879.14310 },
    "H9-961.09-b": { "x": 225.63671, "y": 880.14328 },
    "H9-961.09-c": { "x": 178.82910, "y": 877.74289 },
    "H9-961.14": { "x": 103.81687, "y": 789.32853 },
    "H9-961.12": { "x": 100.41637, "y": 731.91915 },
    "H9-961.10": { "x": 100.61640, "y": 703.51455 },
    "H9-961.09-d": { "x": 160.61760, "y": 688.77247 },
    "H9-981.09": { "x": 381.35244, "y": 758.61544 },
    "H9-945":  { "x": 333.98164, "y": 803.60074 },
    "H9-966.02": { "x": 457.00956, "y": 591.96542 },
    "H9-966.01": { "x": 453.26075, "y": 636.26906 },
    "H9-966":  { "x": 380.33005, "y": 642.06263 },
    "H9-968":  { "x": 219.47363, "y": 643.08505 },
    "H9-962.01": { "x": 450.19357, "y": 544.93531 },
    "H9-960":  { "x": 445.76322, "y": 483.25098 },
    "H9-962-b": { "x": 376.24049, "y": 450.19361 },
    "H9-964":  { "x": 299.22025, "y": 438.94730 },
    "H9-992":  { "x": 430.42730, "y": 377.26291 },
    "H9-998":  { "x": 286.61077, "y": 372.49178 },
    "Bathroom-Men": { "x": 642.31134, "y": 262.66810 },
    "Bathroom-Women": { "x": 349.65829, "y": 267.86686 },
    "Elevator": { "x": 362.26783, "y": 369.42458 },
    "Emergency-Exit-985": { "x": 717.05772, "y": 679.65243 },
    "Emergency-Exit-975": { "x": 304.39802, "y": 695.86185 }
  },
  "waypoints": [
    { "id": "Allowed-path1", "x": 166.06937, "y": 230.79725 },
    { "id": "Allowed-path2", "x": 171.53294, "y": 300.91315 },
    { "id": "Allowed-path3", "x": 181.54946, "y": 373.76093 },
    { "id": "Allowed-path4", "x": 196.11905, "y": 406.54240 },
    { "id": "Allowed-path5", "x": 298.10584, "y": 403.81058 },
    { "id": "Allowed-path6", "x": 528.48674, "y": 402.90001 },
    { "id": "Allowed-path7", "x": 527.57617, "y": 323.67809 },
    { "id": "Allowed-path8", "x": 528.48674, "y": 231.70782 },
    { "id": "Allowed-path9", "x": 422.85756, "y": 225.33368 },
    { "id": "Allowed-path10", "x": 644.13251, "y": 227.15487 },
    { "id": "Allowed-path11", "x": 840.82133, "y": 226.24424 },
    { "id": "Allowed-path12", "x": 840.82133, "y": 407.45296 },
    { "id": "Allowed-path13", "x": 845.37431, "y": 572.27095 },
    { "id": "Allowed-path14", "x": 801.66569, "y": 571.36035 },
    { "id": "Allowed-path15", "x": 798.02330, "y": 647.85049 },
    { "id": "Allowed-path16", "x": 650.50669, "y": 652.40347 },
    { "id": "Allowed-path17", "x": 502.07947, "y": 655.13525 },
    { "id": "Allowed-path18", "x": 530.30791, "y": 534.93653 },
    { "id": "Allowed-path19", "x": 460.19203, "y": 676.07900 },
    { "id": "Allowed-path20", "x": 369.13238, "y": 661.50940 },
    { "id": "Allowed-path21", "x": 83.20508, "y": 662.42000 },
    { "id": "Allowed-path22", "x": 78.65206, "y": 513.99281 },
    { "id": "Allowed-path23", "x": 78.65206, "y": 896.44332 },
    { "id": "Allowed-path24", "x": 371.86417, "y": 897.35396 },
    { "id": "Allowed-path25", "x": 401.00324, "y": 843.62874 },
    { "id": "Allowed-path26", "x": 418.30455, "y": 692.46974 },
    { "id": "Allowed-path27", "x": 665.07622, "y": 744.37373 },
    { "id": "Allowed-path28", "x": 704.23186, "y": 835.43337 },
    { "id": "Allowed-path29", "x": 812.59288, "y": 843.62874 },
    { "id": "Alowed-path30", "x": 820.78826, "y": 683.36372 },
    { "id": "AllowedPath-new1", "x": 944.66794, "y": 618.04366 },
    { "id": "AllowedPath-new2", "x": 961.04800, "y": 617.06577 },
    { "id": "AllowedPath-new3", "x": 659.26116, "y": 868.96152 },
    { "id": "AllowedPath-new4", "x": 689.13706, "y": 901.96726 },
    { "id": "AllowedPath-new5", "x": 404.26581, "y": 930.95157 },
    { "id": "AllowedPath-new6", "x": 271.84425, "y": 903.54709 },
    { "id": "AllowedPath-new7", "x": 224.03649, "y": 903.94718 },
    { "id": "AllowedPath-new8", "x": 177.42891, "y": 903.54709 },
    { "id": "AllowedPath-new9", "x": 130.62128, "y": 903.14701 },
    { "id": "AllowedPath-new10", "x": 80.81318, "y": 870.94181 },
    { "id": "AllowedPath-new11", "x": 80.01300, "y": 832.33549 },
    { "id": "AllowedPath-new12", "x": 78.41277, "y": 788.12832 },
    { "id": "AllowedPath-new13", "x": 80.41312, "y": 742.12082 },
    { "id": "AllowedPath-new14", "x": 83.21352, "y": 702.71438 },
    { "id": "AllowedPath-new15", "x": 151.09128, "y": 664.62448 },
    { "id": "AllowedPath-new16", "x": 215.78139, "y": 668.83375 },
    { "id": "AllowedPath-new17", "x": 300.85330, "y": 669.94148 },
    { "id": "AllowedPath-new18", "x": 401.45952, "y": 757.25222 },
    { "id": "AllowedPath-new19", "x": 403.50429, "y": 806.32712 },
    { "id": "AllowedPath-new20", "x": 502.67640, "y": 590.26143 },
    { "id": "AllowedPath-new21", "x": 501.31320, "y": 474.04943 },
    { "id": "AllowedPath-new22", "x": 373.51412, "y": 406.23069 },
    { "id": "AllowedPath-new23", "x": 431.44975, "y": 407.25314 },
    { "id": "AllowedPath-new24", "x": 343.52395, "y": 228.33437 },
    { "id": "AllowedPath-new25", "x": 722.49081, "y": 234.12794 },
    { "id": "AllowedPath-new26", "x": 514.15505, "y": 436.38211 }
  ],
  "pathfindingConfig": {
    "searchRadius": 200.0,
    "alignThreshold": 25.0,
    "maxNeighbors": 0,
    "strictAlignment": false
  }
}
