{
  "buildingId": "LB-3",
  "floor": "3",
  "rooms": {
    "LB-385-1": { "x": 655.44318, "y": 233.11041 },
    "LB-385-2": { "x": 906.54053, "y": 227.3546 },
    "LB-362-1": { "x": 945.39221, "y": 441.75864 },
    "LB-362-2": { "x": 945.39221, "y": 618.74988 },
    "LB-361-1": { "x": 1027.4126, "y": 451.11182 },
    "LB-361-2": { "x": 1016.6204, "y": 607.23822 },
    "LB-345-1": { "x": 910.85736, "y": 859.05505 },
    "LB-345-2": { "x": 652.56525, "y": 836.0318 },
    "LB-351":   { "x": 642.49261, "y": 730.26874 },
    "LB-353":   { "x": 652.56525, "y": 612.2746 },
    "LB-359":   { "x": 651.84576, "y": 313.6918 },
    "LB-322":   { "x": 289.94907, "y": 597.88507 },
    "LB-327":   { "x": 245.34152, "y": 738.18298 },
    "LB-311":   { "x": 241.74414, "y": 315.85022 },
    "LB-314":   { "x": 356.1409, "y": 465.50134 },
    "LB-316":   { "x": 169.077, "y": 318.72812 },
    "LB-331-331.19-1": { "x": 335.99557, "y": 906.54053 },
    "LB-331-331.19-2": { "x": 230.95198, "y": 992.87769 },
    "Bathroom-Men-1":   { "x": 925.96637, "y": 274.12057 },
    "Bathroom-Men-2":   { "x": 314.41129, "y": 669.11322 },
    "Bathroom-Women-1": { "x": 937.47803, "y": 782.79053 },
    "Bathroom-Women-2": { "x": 313.6918, "y": 708.68445 },
    "Elevator-1":       { "x": 419.45486, "y": 690.69751 },
    "Stairs-Down-1":    { "x": 580.61761, "y": 232.39095 },
    "Stairs-Up-1":      { "x": 555.43591, "y": 231.67146 },
    "Stairs-Down-2":    { "x": 584.215, "y": 833.15387 },
    "Stairs-Up-2":      { "x": 553.99697, "y": 833.87335 },
    "Emergency-Exit-1": { "x": 925.96637, "y": 700.7702 },
    "Emergency-Exit-2": { "x": 246.78047, "y": 639.61469 },
    "Emergency-Exit-3": { "x": 364.77463, "y": 998.63348 },
    "WaterFountain-1":  { "x": 919.49109, "y": 252.53629 },
    "WaterFountain-2":  { "x": 920.93005, "y": 741.06091 },
    "WaterFountain-3":  { "x": 293.54645, "y": 694.29492 },
    "Computer-Station-1": { "x": 479.17142, "y": 855.45764 },
    "Study-Area-1":     { "x": 106.48254, "y": 679.9054 },
    "Study-Area-2":     { "x": 430.96649, "y": 84.898239 },
    "Printer-1":        { "x": 482.7688, "y": 206.48978 },
    "Shelve-12":        { "x": 189.94182, "y": 178.43019 },
    "Shelve-13":        { "x": 315.13074, "y": 190.6613 },
    "Shelve-14":        { "x": 395.71213, "y": 186.34444 },
    "Shelve-16":        { "x": 323.04498, "y": 121.59155 },
    "Shelve-17":        { "x": 420.17432, "y": 353.98248 },
    "Shelve-18":        { "x": 423.05225, "y": 1020.9373 },
    "Shelve-19":        { "x": 776.31525, "y": 343.90982 }
  },
  "waypoints": [
    { "id": "LB3-AllowedPath1", "x": 558.31384, "y": 265.48685 },
    { "id": "LB3-AllowedPath2", "x": 620.90833, "y": 264.04791 },
    { "id": "LB3-AllowedPath3", "x": 658.32111, "y": 271.96216 },
    { "id": "LB3-AllowedPath4", "x": 899.34576, "y": 273.40109 },
    { "id": "LB3-AllowedPath5", "x": 907.26001, "y": 312.97232 },
    { "id": "LB3-AllowedPath6", "x": 907.26001, "y": 359.73828 },
    { "id": "LB3-AllowedPath7", "x": 914.45477, "y": 400.74847 },
    { "id": "LB3-AllowedPath8", "x": 940.3559, "y": 398.59003 },
    { "id": "LB3-AllowedPath9", "x": 1010.1451, "y": 403.62637 },
    { "id": "LB3-AllowedPath10", "x": 858.33557, "y": 405.78479 },
    { "id": "LB3-AllowedPath11", "x": 861.2135, "y": 655.44318 },
    { "id": "LB3-AllowedPath12", "x": 946.83118, "y": 661.19897 },
    { "id": "LB3-AllowedPath13", "x": 1013.7425, "y": 656.88214 },
    { "id": "LB3-AllowedPath14", "x": 910.13788, "y": 657.60162 },
    { "id": "LB3-AllowedPath15", "x": 905.82104, "y": 710.12341 },
    { "id": "LB3-AllowedPath16", "x": 906.54053, "y": 774.87628 },
    { "id": "LB3-AllowedPath17", "x": 904.38208, "y": 802.21637 },
    { "id": "LB3-AllowedPath18", "x": 656.16266, "y": 795.74109 },
    { "id": "LB3-AllowedPath19", "x": 617.31091, "y": 792.14374 },
    { "id": "LB3-AllowedPath20", "x": 622.34723, "y": 730.26874 },
    { "id": "LB3-AllowedPath21", "x": 622.34723, "y": 615.87195 },
    { "id": "LB3-AllowedPath22", "x": 626.66412, "y": 316.5697 },
    { "id": "LB3-AllowedPath23", "x": 549.68011, "y": 790.70477 },
    { "id": "LB3-AllowedPath24", "x": 464.78189, "y": 799.3385 },
    { "id": "LB3-AllowedPath25", "x": 465.50134, "y": 713.00128 },
    { "id": "LB3-AllowedPath26", "x": 466.94031, "y": 630.26147 },
    { "id": "LB3-AllowedPath27", "x": 297.14383, "y": 629.54199 },
    { "id": "LB3-AllowedPath28", "x": 276.99847, "y": 624.50568 },
    { "id": "LB3-AllowedPath29", "x": 276.99847, "y": 676.30798 },
    { "id": "LB3-AllowedPath30", "x": 278.43744, "y": 715.87921 },
    { "id": "LB3-AllowedPath31", "x": 279.15692, "y": 741.7804 },
    { "id": "LB3-AllowedPath32", "x": 282.03482, "y": 805.0943 },
    { "id": "LB3-AllowedPath33", "x": 119.43311, "y": 794.30219 },
    { "id": "LB3-AllowedPath34", "x": 112.95782, "y": 253.97523 },
    { "id": "LB3-AllowedPath35", "x": 198.57555, "y": 243.18309 },
    { "id": "LB3-AllowedPath36", "x": 318.00867, "y": 242.46361 },
    { "id": "LB3-AllowedPath37", "x": 288.5101, "y": 320.16708 },
    { "id": "LB3-AllowedPath38", "x": 109.36044, "y": 315.13074 },
    { "id": "LB3-AllowedPath39", "x": 419.45486, "y": 259.73105 },
    { "id": "LB3-AllowedPath40", "x": 439.60019, "y": 200.0145 },
    { "id": "LB3-AllowedPath41", "x": 438.88071, "y": 122.31102 },
    { "id": "LB3-AllowedPath42", "x": 118.71364, "y": 189.94182 },
    { "id": "LB3-AllowedPath43", "x": 474.85455, "y": 266.20633 },
    { "id": "LB3-AllowedPath44", "x": 471.97665, "y": 361.17725 },
    { "id": "LB3-AllowedPath45", "x": 475.57404, "y": 628.82257 },
    { "id": "LB3-AllowedPath46", "x": 425.93015, "y": 912.29633 },
    { "id": "LB3-AllowedPath47", "x": 418.0159, "y": 964.81812 },
    { "id": "LB3-AllowedPath48", "x": 271.96216, "y": 963.37915 },
    { "id": "LB3-AllowedPath49", "x": 271.24268, "y": 992.1582 },
    { "id": "LB3-AllowedPath50", "x": 356.86038, "y": 253.97523 }
  ],
  "pathfindingConfig": {
    "searchRadius": 400.0,
    "alignThreshold": 6.0,
    "maxNeighbors": 4,
    "strictAlignment": true
  }
}
